satisfaction_level,last_evaluation,number_project,average_monthly_hours,time_spent_company,department,salary_level,left
0.5,0.43,5,159,1,IT,low,0
0.96,0.68,4,258,5,HR,medium,0
0.79,0.91,5,105,10,IT,low,0
0.68,0.81,3,157,4,Marketing,medium,0
0.32,0.86,3,188,7,R&D,low,0
0.32,0.76,2,137,6,Sales,low,0
0.25,0.78,6,273,10,R&D,low,1
0.89,0.89,5,153,7,IT,high,0
0.68,0.47,2,276,5,IT,medium,0
0.77,0.64,6,179,4,R&D,medium,0
0.22,0.45,5,279,7,IT,low,1
0.98,0.99,4,165,7,HR,high,0
0.87,0.96,5,228,6,HR,high,0
0.37,0.33,3,190,8,IT,medium,1
0.35,0.79,3,178,4,IT,high,0
0.35,0.95,4,107,10,HR,medium,0
0.44,0.43,2,108,5,IT,medium,0
0.62,0.7,6,304,4,IT,medium,1
0.55,0.94,5,144,1,R&D,high,0
0.43,0.32,3,191,8,Sales,medium,0
0.69,0.79,2,207,1,HR,medium,0
0.31,0.51,4,299,5,R&D,low,0
0.43,0.95,3,243,6,Sales,medium,0
0.49,0.98,4,223,6,IT,medium,0
0.56,0.96,5,93,5,IT,low,0
0.83,0.63,6,197,3,R&D,low,0
0.36,0.9,3,204,5,IT,high,0
0.61,0.89,3,118,8,Marketing,medium,0
0.67,0.52,5,148,2,R&D,high,0
0.24,0.88,2,214,6,Sales,high,0
0.69,0.33,6,187,9,R&D,low,1
0.34,0.72,3,106,8,HR,high,0
0.25,0.46,6,196,8,R&D,medium,1
0.96,0.38,3,132,8,IT,low,0
0.97,0.35,6,169,7,IT,medium,1
0.85,0.79,4,283,8,Marketing,medium,0
0.44,0.54,3,251,6,Marketing,low,1
0.28,0.81,6,97,2,Marketing,medium,1
0.75,0.35,2,230,2,Sales,low,0
0.55,0.52,4,195,8,Marketing,medium,0
0.3,0.68,4,97,1,Sales,low,0
0.6,0.85,2,185,6,Marketing,high,0
0.23,0.52,6,183,6,Sales,medium,1
0.93,0.74,5,154,4,R&D,low,0
0.41,0.92,2,260,10,R&D,medium,0
0.73,0.73,6,128,3,IT,medium,0
0.45,0.46,2,170,3,Sales,medium,0
0.62,0.32,2,276,1,HR,low,0
0.64,0.91,3,173,3,IT,high,0
0.35,0.31,6,177,4,R&D,high,1
0.98,0.91,5,175,5,Sales,high,0
0.82,0.67,3,182,3,Marketing,low,0
0.95,0.96,2,175,6,HR,high,0
0.92,0.86,2,133,5,R&D,low,0
0.68,1.0,2,226,3,IT,medium,0
0.94,0.55,6,254,6,Sales,medium,1
0.27,0.84,6,163,6,HR,high,1
0.36,0.58,3,125,8,Sales,low,1
0.24,0.64,5,190,2,Marketing,medium,0
0.46,0.74,3,309,1,IT,low,0
0.51,0.91,4,245,4,Sales,low,0
0.42,0.99,2,259,7,R&D,medium,1
0.86,0.84,2,260,10,IT,low,0
0.49,0.59,2,302,3,R&D,medium,0
0.42,0.59,3,305,3,Sales,medium,1
0.63,0.82,3,259,5,IT,medium,0
0.31,0.47,2,193,5,R&D,low,0
0.84,0.38,3,155,10,Marketing,medium,0
0.26,0.55,6,144,3,Marketing,low,1
0.99,0.5,6,289,9,Sales,medium,1
0.82,0.51,3,265,4,IT,medium,0
0.36,0.46,2,180,3,HR,high,0
0.2,0.33,3,111,2,IT,high,0
0.85,0.31,3,190,10,Marketing,high,0
0.77,0.99,3,244,9,R&D,low,0
0.78,0.6,4,210,4,HR,low,0
0.82,0.57,6,182,3,Sales,medium,0
0.26,0.78,5,284,7,HR,medium,1
0.49,0.45,5,197,8,Sales,medium,0
0.29,0.96,4,230,2,HR,medium,0
0.89,0.85,3,262,7,Sales,low,1
0.7,0.36,4,99,5,Sales,medium,0
0.46,0.59,4,98,5,HR,medium,0
0.25,0.92,2,271,3,HR,high,0
0.45,0.96,6,244,5,Sales,medium,1
0.46,0.63,5,123,2,Marketing,medium,0
0.78,0.73,3,218,4,HR,medium,0
0.71,0.42,5,249,6,IT,low,0
0.91,0.99,5,178,1,R&D,high,0
0.58,0.46,6,182,10,Sales,medium,1
0.3,0.96,5,160,4,Sales,medium,0
0.77,0.75,5,156,6,R&D,high,0
0.81,0.73,4,301,9,Marketing,medium,0
0.65,0.66,6,237,2,R&D,low,0
0.82,0.46,2,206,7,HR,medium,0
0.6,0.42,3,183,6,R&D,low,0
0.62,0.45,5,252,2,Sales,low,0
0.54,0.43,3,188,8,R&D,medium,0
0.22,0.85,2,202,7,IT,high,0
0.29,0.55,3,192,5,HR,low,0
0.23,0.34,2,180,5,R&D,high,0
0.71,0.98,4,179,7,Sales,medium,0
0.45,0.92,5,295,9,HR,low,1
0.61,0.95,2,106,9,Sales,medium,0
0.93,1.0,3,107,9,Marketing,high,0
0.4,0.42,5,262,6,IT,medium,1
0.53,0.58,4,205,10,Marketing,medium,0
0.8,0.83,5,182,6,IT,low,0
0.38,0.79,2,301,3,R&D,medium,0
0.26,0.41,4,270,1,HR,medium,0
0.43,0.87,3,180,7,R&D,medium,0
0.33,0.46,4,171,4,IT,low,0
0.94,0.46,4,157,1,IT,high,0
0.85,0.68,6,282,8,IT,high,1
0.71,0.72,4,203,6,Sales,medium,0
0.9,0.71,4,90,6,HR,low,0
0.84,0.36,5,147,2,R&D,medium,0
0.35,0.91,3,243,1,R&D,high,0
0.91,0.49,5,198,2,Marketing,low,0
0.63,0.39,5,237,4,IT,high,0
0.85,0.92,2,205,2,IT,high,0
0.92,0.97,5,176,1,IT,low,0
0.45,0.9,6,99,7,R&D,low,1
0.29,0.87,6,148,8,Marketing,medium,1
0.38,0.76,2,292,6,Sales,medium,1
0.54,0.69,3,130,4,HR,high,0
0.85,0.36,3,194,6,Sales,low,0
0.89,0.59,5,222,3,R&D,low,0
0.21,0.56,5,211,8,IT,medium,1
0.61,0.48,5,282,10,HR,high,0
0.53,0.81,3,234,2,R&D,high,0
0.38,0.65,4,111,5,R&D,medium,0
0.3,0.36,6,187,1,R&D,low,1
0.47,0.45,4,258,6,HR,medium,0
0.95,0.78,4,157,2,HR,medium,0
0.46,0.35,3,286,4,Marketing,medium,1
0.62,0.9,4,228,6,Marketing,medium,0
0.76,0.65,2,145,10,Sales,low,0
0.49,0.64,5,268,8,HR,medium,0
0.98,0.71,2,238,8,HR,low,0
0.97,0.88,6,188,6,HR,medium,0
0.4,0.54,5,165,4,Marketing,high,0
0.6,0.77,4,115,8,R&D,low,0
0.44,0.7,6,204,8,IT,high,1
0.43,0.49,5,236,10,Marketing,medium,0
0.23,0.92,4,198,1,HR,medium,0
0.69,0.86,2,277,4,Marketing,medium,0
0.6,0.76,5,288,4,Sales,low,1
0.24,0.9,4,136,7,HR,high,0
0.42,0.91,2,160,7,Sales,low,0
0.93,0.8,6,243,8,HR,low,1
0.39,0.89,6,129,5,Marketing,medium,0
0.32,0.79,6,222,7,R&D,high,1
0.59,0.78,6,238,8,IT,medium,1
0.99,0.73,3,295,9,Sales,low,0
0.39,0.83,5,221,3,Marketing,medium,0
0.74,0.41,5,112,3,R&D,high,0
0.81,0.92,3,195,4,Marketing,medium,0
0.39,0.91,4,173,5,Sales,high,0
0.78,0.32,4,232,10,IT,high,0
0.49,0.88,6,205,1,Marketing,medium,0
0.71,0.39,2,198,7,HR,low,0
0.71,0.53,4,225,9,R&D,medium,0
0.63,0.82,2,130,8,Marketing,low,0
0.27,0.41,5,201,5,R&D,low,0
0.87,0.87,2,236,4,HR,medium,0
0.46,0.88,5,201,7,IT,low,0
0.35,0.66,3,192,5,IT,low,0
0.23,0.3,3,135,7,HR,medium,0
0.67,0.5,6,245,1,R&D,medium,1
0.74,0.73,4,308,1,Marketing,medium,0
0.21,0.99,6,157,10,HR,low,1
0.61,0.74,5,211,3,Sales,high,0
0.38,0.48,6,104,2,R&D,low,0
0.72,0.74,2,254,2,IT,high,0
0.34,0.68,5,218,7,HR,medium,0
0.75,0.85,3,284,10,IT,high,0
0.51,0.37,4,200,2,R&D,medium,0
0.95,0.83,5,113,4,IT,medium,0
0.31,0.68,5,116,2,HR,high,0
0.47,0.97,2,129,6,R&D,medium,0
0.29,0.54,4,280,8,Sales,high,1
0.94,0.74,3,278,10,HR,medium,0
0.9,0.95,5,253,4,Marketing,low,0
0.41,0.37,5,113,5,HR,low,0
0.73,0.96,2,113,4,R&D,medium,0
0.85,0.78,6,93,3,HR,medium,0
0.64,0.35,3,156,5,Sales,high,0
0.62,0.51,4,123,9,Sales,low,0
0.39,0.8,5,274,8,Marketing,high,1
0.27,0.35,5,266,8,IT,medium,1
0.92,0.71,3,304,8,R&D,medium,1
0.92,0.54,6,270,8,R&D,high,1
0.71,0.73,5,205,7,IT,medium,0
0.47,0.33,3,112,8,Sales,low,0
0.48,0.91,2,198,8,Sales,high,0
0.78,0.98,6,158,8,HR,low,1
0.92,0.98,4,184,10,Marketing,low,0
0.91,0.82,5,270,7,Marketing,low,0
0.82,0.39,3,151,1,Marketing,high,0
0.71,0.83,2,258,4,HR,medium,0
0.27,0.32,4,146,4,Marketing,low,0
0.33,0.32,3,277,5,IT,low,0
0.92,0.53,3,143,10,HR,low,0
0.69,0.64,4,159,6,IT,medium,0
0.21,0.84,2,190,4,HR,medium,0
0.28,0.78,2,146,2,Marketing,high,0
0.73,0.61,6,227,6,IT,medium,1
0.2,0.49,5,257,8,IT,high,1
0.33,1.0,4,224,8,IT,high,1
0.64,0.6,4,192,7,HR,high,0
0.75,0.62,4,255,6,R&D,high,0
0.72,0.41,2,174,2,Marketing,high,0
0.38,0.86,5,150,7,IT,low,0
0.77,0.79,6,301,5,R&D,medium,1
0.39,0.45,3,92,6,Marketing,low,0
0.46,0.36,3,217,10,Marketing,high,0
0.8,0.78,4,268,8,IT,medium,0
0.72,0.76,5,175,8,IT,low,0
0.88,0.49,2,136,3,HR,low,0
0.73,0.97,5,285,7,R&D,high,0
0.65,0.41,5,309,1,R&D,low,0
0.27,0.6,2,165,1,IT,low,0
0.49,0.96,4,127,7,Marketing,low,0
0.41,0.59,5,253,10,IT,low,1
0.4,0.75,3,258,9,Marketing,low,1
0.98,0.58,2,286,7,Marketing,high,0
0.51,0.49,6,230,10,IT,high,1
0.91,0.99,4,176,5,Sales,low,0
0.7,0.59,2,147,8,R&D,high,0
0.84,0.93,6,139,2,Marketing,high,0
0.6,0.46,6,119,9,Marketing,medium,1
0.66,0.45,5,279,6,Sales,low,0
0.59,0.32,5,190,9,HR,high,0
0.36,0.76,5,114,2,Sales,high,0
0.78,0.56,2,201,3,Sales,low,0
0.42,0.91,2,244,8,Marketing,medium,0
0.22,0.63,4,268,1,R&D,low,0
0.72,0.98,5,295,10,Sales,medium,1
0.34,0.43,6,274,7,HR,low,1
0.95,0.91,3,215,7,IT,low,0
0.96,0.84,4,212,1,Sales,low,0
0.93,0.84,2,136,9,Sales,low,0
0.5,0.89,4,207,8,HR,medium,0
0.21,0.83,4,128,4,R&D,medium,0
0.94,0.74,4,105,10,Sales,high,0
0.54,0.39,4,111,5,Sales,low,0
0.97,0.32,3,302,2,R&D,medium,0
0.97,0.94,5,143,9,HR,medium,0
0.88,0.73,6,238,6,Sales,medium,1
0.44,0.86,4,289,3,R&D,low,0
0.51,0.64,4,105,7,Sales,high,1
0.88,0.38,4,148,9,IT,medium,0
0.45,0.39,5,120,3,Marketing,low,0
0.34,0.78,2,259,2,IT,medium,0
0.65,0.6,2,291,7,Sales,medium,1
0.95,0.44,3,121,7,HR,high,0
0.76,0.64,2,276,4,Marketing,medium,0
0.66,0.34,4,251,9,IT,medium,1
0.28,0.71,4,98,8,R&D,low,0
0.69,0.49,4,298,1,HR,low,0
0.99,0.86,3,228,1,IT,high,0
0.31,0.52,4,99,5,R&D,low,0
0.61,0.62,2,303,6,Sales,low,1
0.9,0.31,5,106,3,R&D,high,0
0.79,0.35,5,157,9,IT,medium,0
0.76,0.57,6,137,10,IT,high,1
0.76,0.64,2,269,6,Sales,low,0
0.49,0.72,4,200,4,R&D,high,0
0.43,0.5,5,242,7,R&D,medium,0
0.85,0.79,2,212,8,Sales,high,0
0.85,0.9,5,238,9,R&D,low,0
0.89,0.85,4,190,6,Sales,low,0
0.93,0.33,5,191,6,HR,high,0
0.61,0.64,6,154,8,IT,medium,1
0.6,0.37,6,280,5,HR,high,1
0.84,0.47,5,306,3,Marketing,medium,0
0.72,0.99,2,140,3,Marketing,medium,0
0.76,0.4,2,125,6,Marketing,high,0
0.84,0.65,2,170,2,Sales,medium,0
0.91,0.73,5,216,6,R&D,low,0
0.47,0.79,2,177,6,HR,high,0
0.5,0.69,4,283,8,HR,medium,1
0.28,0.31,6,193,7,HR,low,1
0.66,0.53,4,104,8,HR,high,0
0.23,0.66,2,185,9,Marketing,low,0
0.57,0.36,4,256,6,HR,low,1
0.63,0.55,2,212,3,R&D,low,0
0.43,0.32,5,287,10,Marketing,medium,1
0.67,0.36,4,90,3,HR,high,0
0.22,0.58,5,240,1,Sales,high,0
0.23,0.39,5,211,5,IT,medium,0
0.86,0.7,3,256,4,IT,high,0
0.49,0.78,2,215,9,IT,low,0
0.3,0.86,6,146,9,Marketing,high,1
0.62,0.44,2,170,5,HR,medium,0
0.82,0.42,6,251,10,Marketing,low,1
0.37,0.37,2,258,4,R&D,medium,0
0.7,0.75,5,162,7,Sales,low,0
0.27,0.79,4,230,6,Sales,low,0
0.24,0.32,4,159,4,IT,high,0
0.63,0.96,3,95,10,IT,low,0
0.63,0.34,6,173,2,IT,medium,0
0.71,0.68,6,141,1,HR,high,0
0.78,0.8,6,92,4,R&D,medium,0
0.98,0.91,5,170,4,R&D,low,0
0.61,0.8,6,152,1,R&D,medium,0
0.46,0.86,4,138,6,R&D,medium,0
0.84,0.54,5,165,4,IT,low,0
0.42,0.87,2,201,1,Sales,high,0
0.55,0.36,6,264,1,IT,medium,1
0.26,0.93,6,198,1,R&D,low,1
0.22,0.68,2,272,8,IT,high,1
0.97,0.87,6,281,10,R&D,high,0
0.87,0.62,2,154,8,Marketing,high,0
0.76,0.75,5,170,2,Sales,medium,0
0.53,0.67,4,284,7,Marketing,medium,1
0.34,0.81,2,307,8,HR,medium,1
0.33,0.36,3,104,8,IT,high,0
0.4,0.34,2,189,10,HR,medium,0
0.64,0.47,6,121,7,IT,low,1
0.77,0.41,5,185,5,Marketing,medium,0
0.73,0.91,5,217,1,R&D,medium,0
0.42,0.45,2,285,9,R&D,high,1
0.96,0.98,4,235,7,IT,medium,0
0.79,0.54,3,202,2,R&D,low,0
0.64,0.43,5,172,6,Marketing,high,1
0.69,0.85,6,132,2,R&D,low,1
0.54,0.76,6,205,1,Marketing,high,0
0.4,0.65,4,252,7,HR,high,0
0.48,0.69,5,167,2,Marketing,medium,0
0.81,0.8,2,147,2,Sales,low,0
0.21,0.46,6,122,5,Sales,high,0
0.29,1.0,4,103,5,Sales,medium,0
0.24,0.98,5,251,7,IT,high,1
0.23,0.76,5,278,1,IT,high,0
0.88,0.44,5,221,8,IT,high,0
0.76,0.78,5,305,3,Marketing,high,0
0.58,0.35,5,148,4,IT,high,0
0.28,0.32,6,246,9,HR,high,1
0.59,0.48,4,172,4,Sales,medium,0
0.58,0.62,5,223,10,Marketing,high,0
0.34,0.91,3,210,5,Sales,low,0
0.55,0.81,3,266,7,IT,medium,1
0.52,0.82,4,257,4,Marketing,low,0
0.69,0.6,2,172,1,R&D,high,0
0.71,0.54,2,282,9,HR,low,0
0.24,0.56,2,286,4,IT,high,1
0.5,0.99,3,116,9,IT,high,0
0.7,0.33,2,169,6,HR,medium,0
0.6,0.91,6,223,1,HR,medium,0
0.89,0.71,5,102,3,R&D,high,0
0.73,0.61,3,153,2,IT,medium,0
0.33,0.81,4,279,9,IT,low,1
0.26,0.64,4,236,1,Sales,medium,0
0.71,0.91,5,293,9,Marketing,medium,1
0.22,0.93,3,169,9,Marketing,low,1
0.67,0.6,2,212,8,Sales,medium,0
0.95,0.49,2,132,8,Marketing,high,0
0.66,0.71,6,291,1,HR,low,1
0.51,0.94,6,178,8,Marketing,high,1
0.71,0.45,2,237,10,Marketing,low,0
0.57,0.74,4,184,3,Sales,high,0
0.64,0.74,4,285,7,R&D,high,0
0.95,0.81,6,261,1,Marketing,medium,0
0.51,0.39,5,240,1,Marketing,high,0
0.97,0.8,2,91,10,R&D,medium,0
0.92,0.94,6,209,5,Sales,low,0
0.36,0.43,6,111,5,R&D,high,0
0.26,0.47,2,204,8,Sales,high,0
0.28,0.98,2,146,7,HR,low,0
0.21,0.43,4,161,8,Sales,low,0
0.28,0.9,5,96,6,HR,high,0
0.75,0.64,5,295,6,HR,low,1
0.26,0.47,2,273,2,Sales,medium,0
0.46,0.91,3,208,6,IT,low,0
0.88,0.61,6,284,5,Sales,low,1
0.22,0.66,6,203,3,Marketing,high,1
0.85,0.55,2,105,6,Marketing,medium,0
0.43,0.72,3,172,8,IT,low,0
0.29,0.41,4,268,9,HR,medium,1
0.76,0.57,2,299,1,IT,medium,0
0.7,0.98,2,297,3,Marketing,medium,0
0.9,0.48,6,161,3,IT,high,0
0.79,0.76,2,213,8,Sales,low,0
0.84,0.53,2,202,1,IT,high,0
0.43,0.84,2,101,5,HR,low,0
0.34,0.39,6,215,3,Sales,low,1
0.8,0.98,4,142,2,R&D,high,0
0.85,0.62,4,164,8,Marketing,medium,0
0.99,0.47,2,222,3,Marketing,medium,0
0.53,0.35,6,116,7,IT,low,1
0.5,0.42,4,229,1,Sales,high,0
0.82,0.66,4,234,6,R&D,medium,0
0.47,0.54,4,223,3,Sales,medium,0
0.94,0.88,6,186,8,Marketing,low,0
0.89,0.6,6,94,6,Sales,low,0
0.54,0.47,2,146,2,R&D,high,0
0.8,0.73,5,245,6,IT,low,0
0.8,0.79,4,167,7,HR,medium,0
0.28,0.42,5,158,5,Sales,medium,0
0.92,0.42,6,207,3,HR,medium,0
0.6,0.33,6,209,4,Marketing,medium,0
0.86,0.82,6,148,4,IT,high,0
0.46,0.76,5,122,6,IT,high,0
0.92,0.63,6,151,10,Sales,low,0
0.51,0.89,2,139,1,IT,low,0
0.21,0.86,6,201,4,Sales,low,1
0.92,0.71,3,108,10,Sales,high,0
0.27,0.91,5,303,4,HR,medium,0
0.46,0.44,3,286,10,IT,low,0
0.96,0.38,6,212,1,Sales,medium,0
0.96,0.49,2,283,9,HR,low,0
0.66,0.34,4,136,4,R&D,low,0
0.71,0.67,6,256,7,HR,low,1
0.56,0.96,2,285,3,HR,low,0
0.43,0.33,5,122,10,Sales,low,0
0.46,0.39,3,230,3,Marketing,medium,0
0.74,0.62,3,173,8,Marketing,low,0
0.8,0.95,3,271,8,Marketing,medium,0
0.83,0.52,5,224,1,HR,high,0
0.83,0.66,2,168,10,Sales,low,0
0.27,0.33,5,304,2,IT,medium,0
0.6,0.4,3,103,8,HR,high,0
0.25,0.99,6,304,1,HR,high,1
0.64,0.98,4,236,8,Sales,high,0
0.55,0.3,5,217,8,R&D,medium,0
0.91,0.97,5,143,2,HR,low,0
0.48,0.75,2,237,4,R&D,low,0
0.29,0.91,2,118,6,R&D,medium,0
0.31,0.62,5,113,9,Marketing,low,0
0.81,0.66,3,171,8,Sales,medium,0
0.69,0.64,4,152,8,R&D,low,0
0.28,0.77,2,291,7,Sales,high,1
0.27,0.4,3,194,9,Marketing,low,1
0.76,0.32,6,146,2,Sales,medium,0
0.26,0.52,2,225,3,HR,medium,0
0.86,0.79,3,307,10,R&D,high,0
0.76,0.44,3,151,8,Sales,medium,0
0.27,0.77,4,246,6,IT,low,0
0.27,0.98,4,291,10,Sales,low,1
0.99,0.37,6,106,9,R&D,high,0
0.5,0.77,3,155,10,Marketing,medium,0
0.5,0.61,3,95,4,Marketing,high,0
0.85,0.91,4,147,8,R&D,low,0
0.96,0.42,2,158,10,HR,high,0
0.99,0.78,2,245,3,HR,medium,0
0.8,0.89,5,151,3,Marketing,high,0
0.5,0.96,4,258,8,Marketing,medium,1
0.27,0.78,5,286,5,R&D,medium,0
0.82,0.65,4,171,3,HR,low,0
0.65,0.73,6,307,10,Marketing,low,1
0.54,0.91,3,301,1,HR,low,0
0.93,0.7,6,258,3,Marketing,medium,0
0.29,0.32,4,266,9,Sales,high,1
0.59,0.95,3,308,5,IT,medium,0
0.21,0.78,2,266,10,Sales,low,1
0.57,0.77,2,293,2,Marketing,low,0
0.25,0.45,5,160,7,IT,high,0
0.3,0.76,4,220,2,IT,low,0
0.29,0.58,4,99,4,Marketing,low,0
0.72,0.76,2,187,7,Marketing,low,0
0.8,0.37,6,178,4,HR,high,0
0.67,0.76,3,124,7,Marketing,medium,0
0.97,1.0,6,297,7,R&D,low,1
0.5,0.33,6,91,1,Marketing,high,1
0.43,0.98,2,213,6,R&D,low,0
0.89,0.58,2,113,9,Marketing,high,0
0.38,0.91,2,163,2,HR,low,0
0.97,0.85,5,255,3,R&D,high,0
0.21,0.7,6,111,10,Sales,low,1
0.98,0.82,4,243,5,R&D,medium,0
0.23,0.91,3,260,9,HR,low,1
0.91,0.58,5,272,4,R&D,high,0
0.62,0.53,4,128,1,Marketing,low,0
0.99,0.77,6,308,4,Marketing,medium,1
0.26,0.87,2,246,6,HR,low,0
0.64,0.83,6,109,5,IT,high,0
0.98,0.86,3,308,1,Marketing,high,0
0.62,0.6,5,130,4,Sales,medium,0
0.7,0.87,5,271,6,HR,high,1
0.76,0.38,3,237,10,R&D,low,0
0.56,0.68,4,197,10,R&D,low,0
0.7,0.3,4,236,4,Sales,low,0
0.67,0.53,5,173,9,Marketing,high,0
0.92,0.56,5,200,5,HR,low,0
0.24,0.58,2,155,8,Sales,low,1
0.42,0.79,4,247,9,Marketing,low,0
0.96,0.57,3,142,10,HR,medium,0
0.91,0.61,4,123,5,R&D,high,0
0.56,0.47,2,239,6,HR,high,0
0.7,0.56,5,156,1,IT,high,0
0.42,0.46,5,223,7,HR,medium,0
0.35,0.35,2,296,4,IT,high,0
0.57,0.72,3,116,2,HR,medium,0
0.48,0.77,5,99,5,IT,medium,0
0.67,0.73,6,162,3,R&D,high,0
0.26,0.62,5,185,6,Marketing,low,0
0.98,0.57,6,137,8,IT,low,1
0.99,0.9,2,159,7,IT,high,0
0.76,0.66,2,276,3,R&D,high,0
0.63,0.64,5,189,8,IT,medium,0
0.45,0.32,4,148,2,Sales,high,0
0.85,0.54,6,91,10,R&D,medium,1
0.75,0.57,3,246,9,Sales,high,0
0.33,0.58,5,285,4,R&D,low,0
0.93,0.71,3,154,1,IT,low,0
0.86,0.67,5,172,8,Sales,high,0
0.96,0.73,4,243,7,IT,medium,0
0.78,0.84,4,306,5,R&D,low,0
0.69,0.87,4,99,10,IT,medium,0
0.53,0.8,4,142,5,Sales,high,0
0.95,0.97,2,168,7,Sales,high,0
0.89,0.31,2,148,5,IT,low,0
0.24,0.44,6,239,8,HR,high,1
0.22,0.31,3,268,6,R&D,low,0
0.5,0.75,5,137,5,R&D,medium,0
0.85,0.93,5,238,9,IT,low,0
0.99,0.47,2,212,2,HR,low,0
0.32,0.95,5,111,1,Sales,medium,0
0.68,0.34,2,189,8,Marketing,low,0
0.5,0.95,6,187,3,Marketing,low,0
0.98,0.55,3,247,7,IT,high,0
0.87,0.37,6,114,10,HR,medium,1
0.87,0.64,4,117,8,HR,low,0
0.57,0.48,4,282,6,R&D,medium,1
0.53,0.5,4,202,10,Sales,medium,0
0.42,0.52,6,134,9,HR,low,1
0.25,0.86,5,157,7,Marketing,high,0
0.89,0.68,3,96,10,Sales,medium,0
0.85,0.52,4,138,5,Sales,low,0
1.0,0.73,4,226,8,IT,medium,0
1.0,0.8,4,253,2,HR,high,0
0.64,0.49,3,172,7,IT,high,0
0.82,0.59,4,218,4,HR,high,0
0.96,0.39,3,227,9,R&D,low,0
0.88,0.43,4,253,1,IT,low,0
0.4,0.78,6,162,7,IT,high,1
0.56,0.43,6,135,6,Marketing,low,1
0.3,0.67,3,195,8,IT,high,0
0.96,0.8,6,249,5,HR,low,0
0.68,0.37,3,121,1,Marketing,high,0
0.38,0.7,6,95,1,IT,medium,0
0.74,0.48,6,265,9,IT,high,1
0.69,0.97,3,255,10,R&D,high,0
0.49,0.64,5,234,6,IT,low,0
0.29,0.86,6,163,10,Sales,low,1
0.74,0.69,4,203,5,Marketing,low,0
0.62,0.33,5,116,1,Sales,low,0
0.82,0.74,3,143,6,Marketing,low,0
0.62,0.97,5,267,6,R&D,low,1
0.88,0.72,2,252,3,IT,medium,0
0.64,0.87,2,174,8,IT,high,0
0.65,0.92,6,216,1,IT,high,1
0.9,0.46,6,242,1,Marketing,high,0
0.52,0.45,4,245,6,IT,medium,0
0.31,0.73,5,200,10,Sales,high,0
0.22,0.59,2,104,1,IT,medium,0
0.8,0.89,6,221,6,R&D,medium,1
0.7,0.93,5,182,1,Sales,medium,0
0.76,0.55,6,212,6,IT,high,1
0.37,0.47,6,162,3,IT,medium,1
0.31,0.85,2,244,8,HR,high,0
0.21,0.49,2,243,6,Marketing,high,0
0.48,0.88,6,236,1,Sales,low,1
0.67,0.6,3,181,5,HR,low,0
0.51,0.77,6,106,8,R&D,medium,1
0.55,0.37,6,132,3,Marketing,medium,0
0.92,0.74,4,210,6,Sales,high,0
0.48,0.62,4,130,5,IT,medium,0
0.61,0.71,4,259,6,Sales,medium,0
0.83,0.42,3,267,10,IT,high,0
0.52,0.82,3,301,1,Marketing,medium,0
0.7,0.9,6,257,7,IT,medium,1
0.89,0.45,4,128,9,R&D,high,0
0.96,0.37,3,202,2,IT,high,0
0.32,0.32,2,240,10,R&D,low,0
0.94,0.75,6,200,5,Marketing,high,0
0.59,0.72,5,269,10,Marketing,low,1
0.41,0.68,6,136,4,Sales,medium,0
0.57,0.46,5,152,6,R&D,high,0
0.98,0.57,4,199,6,R&D,high,0
0.59,0.72,5,158,2,HR,high,0
0.46,0.65,4,132,2,HR,medium,0
0.71,0.99,2,265,4,HR,low,0
0.39,0.4,5,123,1,IT,medium,0
0.26,0.79,6,129,9,HR,medium,1
0.3,0.58,4,292,7,R&D,high,1
0.3,0.6,6,150,7,IT,low,1
0.32,0.8,3,267,3,Marketing,medium,1
0.31,0.78,4,284,3,Sales,high,0
0.71,0.99,5,151,1,HR,medium,0
0.35,0.39,4,147,3,Marketing,medium,0
0.48,0.37,6,250,3,R&D,high,0
0.92,0.81,2,164,4,Sales,high,0
0.58,0.7,4,105,4,Marketing,low,0
0.73,0.49,5,171,3,Sales,medium,0
0.34,0.36,3,183,10,HR,high,0
0.35,0.36,2,137,8,R&D,high,0
0.23,0.93,3,227,8,Sales,low,1
0.34,0.43,4,171,1,Marketing,low,0
0.42,0.53,6,127,7,HR,high,1
0.34,0.46,6,216,2,HR,low,0
0.27,0.55,5,108,1,Marketing,high,0
0.3,0.35,6,253,3,Marketing,medium,1
0.57,0.66,2,276,4,Sales,low,0
0.37,0.35,6,152,6,IT,medium,1
0.49,0.86,5,166,10,HR,medium,0
0.6,0.46,4,263,5,Sales,medium,0
0.75,0.68,4,220,4,Marketing,high,0
0.23,0.92,6,291,8,Sales,medium,1
0.84,0.76,3,191,4,Marketing,medium,0
0.7,0.67,4,154,10,R&D,medium,0
0.27,0.53,6,209,2,Marketing,high,1
0.9,0.53,5,180,3,Marketing,medium,0
0.94,0.77,6,97,6,Marketing,medium,1
0.25,1.0,4,268,8,IT,low,1
0.42,0.76,5,298,8,Marketing,high,1
0.84,0.69,6,162,9,HR,medium,1
0.8,0.81,2,223,7,HR,low,0
0.35,0.63,5,196,2,Sales,high,0
0.37,0.34,2,178,8,IT,high,0
0.5,0.69,3,128,7,Sales,high,1
0.59,0.97,5,202,8,HR,high,0
0.69,0.42,2,277,3,HR,high,0
0.5,0.78,4,117,7,R&D,high,0
0.57,0.44,4,186,10,Marketing,medium,1
0.8,0.68,3,271,9,HR,medium,1
0.23,0.37,5,126,3,Sales,medium,0
0.4,0.62,5,226,10,Sales,medium,0
0.77,0.83,5,171,6,Marketing,low,0
0.92,0.54,3,145,2,Marketing,medium,0
0.61,0.77,5,276,2,R&D,high,0
0.63,0.86,4,174,5,IT,medium,0
0.29,0.95,2,91,5,Sales,medium,0
0.56,0.46,4,278,7,Marketing,high,1
0.63,0.58,4,147,2,Sales,medium,0
0.39,0.41,2,196,7,Marketing,medium,0
0.42,0.99,4,212,5,HR,medium,0
0.5,0.95,3,277,6,Sales,low,1
0.22,0.68,2,257,8,HR,medium,1
0.46,0.89,4,253,10,Sales,high,0
0.37,0.66,6,203,4,IT,high,0
0.46,0.74,4,196,7,R&D,medium,0
0.3,0.36,3,126,6,HR,medium,0
0.91,0.83,5,168,10,Marketing,medium,0
0.67,0.39,4,181,2,IT,high,0
0.74,0.88,5,107,8,Sales,high,0
0.83,0.85,6,187,10,HR,low,1
0.6,0.8,4,152,9,Sales,low,0
0.27,0.33,2,239,5,Sales,low,0
0.63,0.51,5,228,10,Sales,high,0
0.67,0.48,6,275,4,R&D,low,1
0.8,0.55,2,274,6,R&D,medium,1
0.55,0.36,2,294,8,Marketing,medium,1
0.3,0.96,2,93,3,HR,high,0
0.43,0.69,2,303,10,IT,low,1
0.49,0.51,4,224,1,IT,medium,0
0.72,0.58,4,150,4,IT,high,0
0.66,0.61,4,196,4,Sales,low,0
0.48,0.72,6,143,1,R&D,medium,0
0.99,0.66,6,177,9,HR,low,0
0.68,0.94,6,157,3,Sales,high,1
0.39,0.65,3,309,5,R&D,low,0
0.28,0.99,6,296,6,R&D,high,1
0.32,0.9,4,218,8,HR,low,0
0.4,0.45,4,144,6,HR,medium,0
0.33,0.95,3,92,3,HR,high,0
0.35,0.38,3,295,6,Sales,high,1
0.43,0.87,6,255,1,Marketing,high,1
0.34,0.57,5,210,4,HR,low,0
0.92,0.91,3,218,6,Marketing,low,0
0.26,0.91,2,191,7,Sales,medium,0
0.62,0.86,4,127,10,Marketing,high,0
0.53,0.85,2,174,3,IT,high,0
0.99,0.51,4,246,9,Marketing,low,0
0.29,0.36,4,222,7,HR,low,0
0.52,0.58,3,291,1,Sales,medium,0
0.98,0.42,3,181,2,HR,medium,0
0.89,0.79,2,110,1,IT,low,0
0.85,0.54,4,288,9,HR,high,0
0.41,0.98,2,284,9,HR,medium,1
0.34,0.75,5,198,7,HR,low,0
0.73,0.88,2,136,10,R&D,low,0
0.94,0.39,6,173,3,IT,high,0
0.65,0.9,2,172,5,HR,low,0
0.66,0.95,6,124,4,HR,low,0
0.42,0.64,6,285,7,HR,medium,1
0.82,0.72,6,158,9,Sales,low,1
0.35,0.84,5,218,2,R&D,low,0
0.46,0.42,2,285,8,Sales,medium,1
0.54,0.65,2,229,9,R&D,high,0
0.61,0.58,5,277,10,HR,high,0
0.39,0.4,4,116,10,IT,medium,0
0.29,0.56,3,145,9,Marketing,medium,0
0.69,0.35,2,112,10,Marketing,high,0
0.43,0.32,3,242,7,HR,high,0
0.66,0.39,5,110,9,Sales,high,0
0.32,0.97,4,150,9,IT,high,0
0.58,0.68,4,152,3,R&D,high,0
0.63,0.98,4,211,4,HR,medium,0
0.24,0.6,5,141,2,IT,low,0
0.47,0.52,6,177,10,IT,high,1
0.31,0.65,6,242,3,R&D,high,0
0.25,0.61,3,144,5,IT,low,0
0.99,0.37,6,135,5,Sales,low,0
0.46,0.75,6,121,6,Sales,low,1
0.85,0.45,4,144,7,Sales,low,0
0.4,0.73,4,185,7,IT,low,0
0.75,0.76,3,222,1,Sales,low,0
0.81,0.41,2,125,2,R&D,medium,0
0.68,0.34,3,199,9,IT,low,0
0.58,0.85,3,266,10,Marketing,low,0
0.53,0.62,5,195,2,IT,medium,0
0.48,0.34,5,147,6,R&D,low,0
0.94,1.0,3,128,1,Marketing,high,0
0.86,0.34,3,169,3,IT,high,0
0.97,0.79,3,186,2,Sales,low,0
0.3,0.99,6,202,3,HR,medium,1
0.78,0.47,5,302,5,HR,high,0
0.95,0.4,3,150,10,Sales,medium,0
0.34,0.38,4,226,6,HR,high,1
0.25,0.51,4,95,9,HR,low,1
0.79,0.37,6,198,10,Sales,medium,0
0.66,0.78,6,124,4,Sales,medium,0
0.87,0.34,2,128,7,IT,medium,0
0.31,0.66,2,239,6,IT,high,0
0.84,1.0,2,258,2,Sales,high,0
0.36,0.87,6,207,10,R&D,high,1
0.33,0.73,6,94,8,HR,low,1
0.33,0.51,6,259,7,IT,high,1
0.85,0.74,4,176,7,HR,low,0
0.73,0.67,6,298,8,Marketing,medium,1
0.62,0.6,4,165,1,Sales,medium,0
0.49,0.39,2,304,1,R&D,low,0
0.9,0.92,2,297,8,Marketing,high,1
0.51,0.61,2,284,4,Marketing,low,0
0.85,0.44,3,247,5,Marketing,medium,0
0.55,0.56,3,146,8,Sales,medium,0
0.5,0.59,5,216,5,IT,low,0
0.57,0.88,5,303,10,Sales,high,0
0.44,0.81,5,290,4,IT,high,0
0.8,0.84,3,118,6,Marketing,low,0
0.6,0.31,3,254,5,Marketing,low,0
0.39,0.59,5,176,7,R&D,high,0
0.92,0.64,5,230,10,IT,medium,0
0.51,0.31,6,249,7,Marketing,low,0
0.63,0.48,5,135,4,HR,high,0
0.93,0.83,6,205,5,R&D,high,0
0.7,0.4,4,201,3,Sales,medium,0
0.29,0.67,3,240,4,R&D,medium,0
0.95,0.45,5,134,4,HR,medium,0
0.7,0.31,3,234,3,IT,medium,0
0.47,0.47,3,193,10,Sales,medium,0
0.31,0.98,3,174,5,Sales,low,0
0.84,0.86,4,283,5,IT,high,0
0.7,0.97,2,223,7,R&D,low,0
0.63,0.64,5,197,4,Marketing,low,0
0.92,0.38,2,107,4,R&D,low,0
0.83,0.68,2,183,9,HR,low,0
0.32,0.62,2,239,6,Marketing,low,0
0.45,0.89,3,122,4,R&D,medium,0
0.4,0.37,6,247,2,IT,medium,0
0.8,0.64,3,298,6,HR,high,0
0.23,0.41,3,215,2,HR,low,0
0.66,0.53,2,249,5,HR,high,0
0.81,0.82,3,259,6,Marketing,medium,1
0.9,0.63,2,295,4,Sales,medium,0
0.47,0.56,6,211,3,Marketing,medium,1
0.86,0.58,5,227,7,R&D,low,0
0.29,0.62,2,204,2,Sales,low,0
0.88,0.85,6,253,6,R&D,medium,1
0.3,0.92,5,251,4,Sales,high,0
0.52,0.97,4,290,6,Marketing,high,0
0.84,0.85,2,117,4,HR,medium,0
0.32,0.52,2,100,4,IT,high,0
0.38,0.78,4,295,4,HR,medium,0
0.78,0.61,4,256,9,Marketing,high,0
0.78,0.48,2,136,7,Sales,medium,0
0.71,0.89,4,216,3,HR,high,0
0.76,0.33,3,236,3,Marketing,low,0
0.63,0.93,5,207,6,R&D,medium,0
0.4,0.62,5,232,6,IT,medium,0
0.48,0.75,5,215,4,HR,high,0
0.35,0.76,3,245,9,Sales,medium,0
0.93,0.93,4,241,4,R&D,medium,0
0.67,0.75,6,161,9,Marketing,medium,1
0.52,0.73,4,196,4,IT,low,0
0.57,0.35,2,226,2,Sales,low,0
0.96,0.66,5,264,2,Marketing,high,0
0.32,0.41,4,122,5,Marketing,low,0
0.67,0.82,6,279,4,HR,high,1
0.6,0.66,2,108,7,HR,low,0
0.69,0.78,3,284,5,Sales,high,0
0.21,0.33,3,163,6,Marketing,low,0
0.9,0.36,6,257,10,HR,low,1
0.95,0.8,2,264,4,IT,high,0
0.65,0.35,5,282,2,IT,medium,0
0.76,0.35,4,246,10,Marketing,medium,0
0.94,0.31,2,267,9,HR,low,0
0.77,0.97,3,187,10,Sales,high,0
0.32,0.82,6,230,7,Sales,medium,1
0.66,0.55,6,218,4,Sales,high,0
0.69,0.51,4,251,3,IT,medium,0
0.54,0.54,6,182,10,HR,high,1
0.79,0.84,6,265,3,HR,low,1
0.95,0.76,2,294,9,IT,high,0
0.94,0.43,5,137,5,Sales,medium,0
0.56,0.42,4,266,3,Sales,low,0
0.29,0.37,2,153,5,Marketing,high,0
0.99,0.76,5,150,2,R&D,medium,0
0.87,0.84,2,246,4,HR,low,0
0.3,0.49,2,128,10,HR,high,0
0.94,0.31,6,217,2,HR,medium,0
0.9,0.36,5,177,2,R&D,high,0
0.62,0.98,4,115,8,Marketing,high,0
0.67,0.51,4,106,1,R&D,low,0
0.52,0.84,5,160,7,Sales,low,0
0.24,0.74,6,102,5,Sales,medium,1
0.47,0.57,3,158,8,HR,low,0
0.84,0.44,2,115,1,IT,medium,0
0.2,0.38,6,138,7,HR,high,1
0.47,0.73,5,284,5,IT,high,0
0.52,0.84,2,96,4,R&D,medium,0
0.63,0.75,4,147,7,Sales,high,0
0.94,0.67,3,138,10,IT,low,0
0.48,0.33,4,192,2,R&D,high,0
0.48,0.98,5,142,1,Sales,low,0
0.79,0.86,2,282,1,IT,medium,0
0.56,0.5,5,151,1,HR,medium,0
0.38,0.99,2,106,5,HR,high,0
0.56,0.72,6,260,10,HR,high,1
0.31,0.71,3,114,7,R&D,low,0
0.34,0.82,6,220,2,HR,low,0
0.6,0.87,6,296,10,Marketing,high,1
0.54,0.76,5,118,8,Sales,high,0
0.93,0.39,3,206,4,R&D,medium,0
0.49,0.54,2,249,3,HR,medium,0
0.66,0.95,2,115,10,Sales,medium,1
0.71,0.46,4,213,8,IT,high,0
0.21,0.56,2,233,2,HR,high,0
0.73,0.6,5,114,3,Sales,high,0
0.34,0.61,6,143,3,Marketing,medium,1
0.97,0.73,6,245,10,IT,high,1
0.32,0.96,6,162,1,Marketing,low,0
0.53,0.47,3,209,6,Sales,high,0
0.27,0.39,2,145,2,Marketing,high,0
1.0,0.44,5,154,1,Sales,high,0
0.6,0.92,3,182,2,Sales,high,0
0.68,0.75,4,175,6,Marketing,high,0
0.25,0.5,5,169,4,Sales,low,0
0.8,0.87,5,258,6,HR,low,0
0.37,0.9,5,197,9,Sales,high,0
0.92,0.89,6,268,10,R&D,medium,1
0.36,0.94,5,207,10,Sales,high,0
0.35,0.48,2,288,8,R&D,high,1
0.23,0.83,5,295,1,Sales,high,0
0.58,0.62,6,246,8,Sales,medium,1
0.65,0.89,5,172,9,Marketing,medium,0
0.25,0.81,4,236,6,HR,medium,0
0.82,0.84,4,283,10,HR,low,0
0.56,0.76,6,258,5,IT,medium,1
0.62,0.42,2,262,6,Marketing,low,1
0.55,0.68,2,104,6,Marketing,low,0
0.52,0.99,3,220,9,HR,medium,0
0.65,0.96,6,228,4,Marketing,medium,0
0.32,0.33,5,270,2,HR,medium,0
0.35,0.42,6,263,9,Marketing,low,1
0.89,0.39,3,119,2,Sales,high,0
0.96,0.81,6,146,10,HR,medium,0
0.5,0.87,6,235,9,HR,medium,1
0.42,0.45,3,268,2,R&D,medium,0
0.72,0.65,2,217,8,Marketing,low,0
0.53,0.89,5,137,9,Marketing,low,0
0.22,0.81,3,283,10,HR,high,1
0.32,0.68,4,225,9,Sales,medium,0
0.77,0.71,2,111,10,Sales,low,0
0.73,0.66,4,95,9,Sales,high,0
0.22,0.51,2,293,2,Marketing,medium,0
0.38,0.7,5,274,4,R&D,low,0
0.38,0.78,5,193,7,HR,medium,0
0.74,0.91,6,125,2,IT,medium,0
0.22,0.75,4,168,1,R&D,low,0
0.28,0.83,2,309,3,IT,low,0
0.84,0.41,5,205,4,R&D,low,0
0.34,0.62,3,146,8,Sales,medium,0
0.72,0.31,5,138,6,Marketing,medium,0
0.39,0.47,3,262,2,IT,high,0
0.28,0.81,2,171,9,R&D,medium,0
0.39,0.99,5,155,2,Marketing,low,0
0.78,0.37,5,166,5,IT,medium,0
0.88,0.58,2,134,4,HR,high,0
0.86,0.86,5,168,7,R&D,high,0
0.52,0.44,3,109,8,HR,low,0
0.73,0.69,5,281,5,Sales,low,0
0.36,0.81,4,212,10,HR,high,0
0.43,0.73,6,156,5,HR,high,1
0.92,0.43,3,172,2,R&D,high,0
0.21,0.55,4,92,8,Sales,low,0
0.27,0.85,2,271,2,HR,high,0
0.37,0.69,3,295,10,Marketing,high,1
0.22,0.3,6,153,6,IT,low,1
0.35,0.83,6,129,8,HR,medium,1
0.67,0.32,2,148,6,Sales,medium,0
0.54,0.82,2,272,4,HR,high,0
0.91,0.44,3,151,4,IT,medium,0
0.85,0.97,5,221,6,Sales,medium,0
0.47,0.56,2,149,4,R&D,medium,0
0.41,0.53,5,205,8,Sales,medium,0
0.5,0.4,4,164,9,R&D,high,0
0.67,0.51,6,211,1,Sales,medium,0
0.41,0.91,5,196,4,IT,medium,0
0.7,1.0,6,185,4,IT,low,0
0.53,0.56,5,180,2,Sales,high,0
0.64,0.61,4,247,6,HR,low,0
0.55,0.81,2,219,3,IT,low,0
0.44,0.92,4,151,7,R&D,high,0
0.96,0.72,2,138,5,R&D,medium,0
0.81,0.57,2,226,4,Marketing,low,0
0.31,0.59,6,181,5,R&D,high,0
0.89,0.79,4,248,8,Marketing,medium,0
0.59,0.3,5,213,3,Sales,high,0
0.92,0.73,4,150,7,Sales,low,0
0.84,0.55,6,296,6,Sales,medium,1
0.54,0.86,2,137,1,HR,medium,0
0.22,0.37,6,242,7,HR,high,1
0.41,0.71,3,253,7,Marketing,medium,1
0.63,0.64,3,225,1,R&D,low,0
0.71,0.75,5,290,9,R&D,low,1
0.41,0.35,6,147,6,Sales,low,1
0.31,0.71,5,190,2,IT,high,0
0.87,0.69,5,201,5,HR,medium,0
0.99,0.69,3,262,4,HR,medium,0
0.62,0.72,5,151,7,Sales,medium,0
0.34,0.77,3,128,8,HR,low,0
0.42,0.86,2,147,1,Sales,medium,0
0.21,0.49,6,298,5,Marketing,low,1
0.93,0.88,5,188,3,R&D,medium,0
0.29,0.65,3,300,1,IT,low,1
0.66,0.35,4,281,3,R&D,medium,0
0.42,0.34,5,133,6,R&D,high,0
0.64,0.53,2,118,7,Marketing,high,0
0.72,0.85,2,148,8,HR,low,0
0.86,0.8,4,160,4,IT,low,0
0.37,0.85,3,181,3,HR,medium,0
0.21,0.66,5,98,5,R&D,medium,0
0.31,0.61,3,216,9,Sales,high,0
0.92,0.4,2,309,6,R&D,medium,0
0.9,0.53,3,223,9,HR,low,0
0.68,0.6,2,246,6,R&D,low,0
0.68,0.36,3,275,2,Sales,low,0
0.73,0.45,4,234,5,Marketing,low,0
0.34,0.72,6,233,9,HR,low,1
0.93,0.81,4,304,8,R&D,high,0
0.54,1.0,4,220,7,HR,high,0
0.51,0.95,6,110,1,Marketing,low,0
0.62,0.75,6,153,4,R&D,medium,1
0.24,0.59,5,179,7,R&D,low,0
0.33,0.75,5,125,7,HR,high,0
0.79,0.85,4,303,6,HR,low,0
0.27,0.38,4,151,8,Sales,high,0
0.68,0.59,2,259,6,Marketing,high,0
0.4,0.89,2,165,10,Sales,low,0
0.51,0.57,5,259,3,R&D,low,0
0.43,0.7,5,278,4,HR,medium,0
0.48,0.71,2,102,3,R&D,high,0
0.78,0.43,2,100,1,R&D,medium,0
0.44,0.55,3,143,10,IT,low,0
0.65,0.53,3,105,5,IT,high,0
0.58,0.32,2,97,1,R&D,medium,0
0.73,0.32,3,193,1,HR,medium,0
0.95,0.88,6,148,2,R&D,medium,0
0.79,0.49,5,146,4,IT,low,0
0.37,0.66,5,129,6,HR,low,0
0.22,0.51,2,276,8,R&D,low,0
0.41,0.96,4,219,3,Marketing,high,0
0.68,0.48,2,183,1,Marketing,low,0
0.24,0.6,3,293,3,R&D,high,1
0.6,0.91,4,227,3,HR,medium,0
0.68,0.89,3,133,5,R&D,medium,0
0.47,0.43,6,228,4,R&D,low,0
0.82,0.86,3,296,4,IT,medium,0
0.29,0.62,6,169,9,Marketing,low,1
0.26,0.64,6,170,7,IT,high,1
0.78,0.39,3,307,4,IT,medium,0
0.6,0.36,3,91,3,R&D,low,0
0.75,0.81,6,267,6,IT,medium,1
0.55,0.65,4,229,3,Marketing,medium,0
0.4,0.61,6,204,6,IT,low,1
0.86,0.81,5,179,9,Marketing,medium,0
0.84,0.84,6,112,6,IT,medium,1
0.76,0.41,4,235,4,Marketing,medium,0
0.42,0.73,5,151,5,IT,medium,0
0.67,0.39,2,202,6,IT,high,0
0.49,0.83,2,217,3,HR,medium,0
0.27,0.76,4,151,8,Marketing,medium,1
0.93,0.97,6,127,4,Marketing,low,0
0.31,0.35,3,284,8,Marketing,high,1
0.96,0.34,4,255,10,Sales,low,0
0.56,0.5,5,284,10,IT,low,0
